5/9(ñÿ) 19:00Å`,A,B,H,I,K
5/10(ã‡) 19:00Å`,A,D,F,M,N
5/11(ìy) 19:00Å`,A,C,E,K,M
5/12(ì˙) 19:00Å`,A,B,D,H,N
5/13(åé) 19:00Å`,B,D,E,G,I
5/14(âŒ) 19:00Å`,B,C,F,J,K
5/15(êÖ) 19:00Å`,B,E,G,H,J
5/16(ñÿ) 19:00Å`,E,F,K,M,N
5/17(ã‡) 19:00Å`,G,J,K,L,M
5/18(ìy) 19:00Å`,A,C,H,I,L
5/19(ì˙) 19:00Å`,E,F,G,K,L
5/20(åé) 19:00Å`,E,F,J,N,
5/21(âŒ) 19:00Å`,G,H,I,K,M
5/22(êÖ) 19:00Å`,B,F,I,J,N
5/23(ñÿ) 19:00Å`,C,D,E,G,N
5/24(ã‡) 19:00Å`,C,E,H,J,L
5/25(ìy) 19:00Å`,C,D,F,G,L
5/26(ì˙) 19:00Å`,A,C,I,L,N
5/28(âŒ) 19:00Å`,D,H,I,J,M
5/29(êÖ) 19:00Å`,A,B,D,F,M
