5/9(ñÿ) 19:00Å`,K,J,H,M,C
5/10(ã‡) 19:00Å`,A,J,F,M,D
5/11(ìy) 19:00Å`,A,K,G,M,C
5/12(ì˙) 19:00Å`,E,H,B,D,N
5/13(åé) 19:00Å`,G,I,B,D,N
5/14(âŒ) 19:00Å`,K,E,J,F,B
5/15(êÖ) 19:00Å`,J,G,H,B,C
5/16(ñÿ) 19:00Å`,E,F,K,M,N
5/17(ã‡) 19:00Å`,J,K,G,I,L
5/18(ìy) 19:00Å`,A,H,I,L,C
5/19(ì˙) 19:00Å`,A,I,L,C,N
5/20(åé) 19:00Å`,J,E,F,N,
5/21(âŒ) 19:00Å`,K,A,H,M,I
5/22(êÖ) 19:00Å`,F,K,M,B,N
5/23(ñÿ) 19:00Å`,E,F,G,I,D
5/24(ã‡) 19:00Å`,A,E,H,B,L
5/25(ìy) 19:00Å`,J,G,L,C,D
5/26(ì˙) 19:00Å`,K,F,L,C,N
5/28(âŒ) 19:00Å`,E,G,H,I,D
5/29(êÖ) 19:00Å`,A,M,B,C,D
